on	1	2	WS
on	2	3	WS
on	3	4	WS
on	4	5	WS
on	5	13	WS
on	6	14	WS
on	7	15	WS
on	8	17	WS
on	9	36	WS
on	10	101	WS
on	11	106	WS
on	12	107	WS
on	13	108	WS
on	14	153	WS
on	15	154	WS
on	16	155	WS
on	17	156	WS
on	18	158	WS
on	19	159	WS
on	20	160	WS
on	21	162	WS
on	22	163	WS
on	23	167	WS
on	24	168	WS
on	25	170	WS
on	26	172	WS
on	27	173	WS
on	28	174	WS
on	29	175	WS
on	30	176	WS
on	31	177	WS
on	32	178	WS
on	33	179	WS
on	34	180	WS
on	35	181	WS
on	36	182	WS
on	37	183	WS
on	38	184	WS
on	39	185	WS
on	40	186	WS
on	41	187	WS
on	42	188	WS
on	43	189	WS
on	44	190	WS
on	45	191	WS
on	46	202	WS
on	47	210	WS
on	48	211	WS
on	49	218	WS
on	50	232	WS
on	51	324	WS
