on	52	2	WS
on	53	3	WS
on	54	8	WS
on	55	21	WS
on	56	24	WS
on	57	39	WS
on	58	46	WS
on	59	47	WS
on	60	62	WS
on	61	71	WS
on	62	74	WS
on	63	103	WS
on	64	117	WS
on	65	121	WS
on	66	133	WS
on	67	137	WS
on	68	138	WS
on	69	170	WS
on	70	173	WS
on	71	191	WS
on	72	230	WS
on	73	231	WS
on	74	266	WS
on	75	283	WS
on	76	289	WS
on	77	325	WS
on	78	333	WS
on	79	334	WS
on	80	335	WS
on	81	336	WS
on	82	337	WS
on	83	338	WS
on	84	339	WS
on	85	340	WS
on	86	341	WS
on	87	342	WS
on	88	343	WS
on	89	344	WS
on	90	345	WS
on	91	346	WS
on	92	347	WS
on	93	348	WS
on	94	350	WS
on	95	351	WS
on	96	352	WS
on	97	353	WS
on	98	354	WS
on	99	355	WS
on	100	356	WS
on	101	357	WS
on	102	358	WS
on	103	359	WS
on	104	360	WS
on	105	361	WS
on	106	362	WS
on	107	363	WS
on	108	364	WS
on	109	365	WS
on	110	366	WS
on	111	367	WS
on	112	368	WS
on	113	369	WS
on	114	370	WS
on	115	371	WS
on	116	372	WS
on	117	373	WS
on	118	374	WS
on	119	375	WS
on	120	376	WS
on	121	382	WS
on	122	385	WS
on	123	387	WS
on	124	388	WS
on	125	389	WS
on	126	402	WS
on	127	404	WS
on	128	406	WS
on	129	407	WS
on	130	413	WS
on	131	414	WS
on	132	421	WS
on	133	422	WS
on	134	430	WS
on	135	432	WS
on	136	436	WS
on	137	447	WS
on	138	448	WS
on	139	451	WS
on	140	452	WS
on	141	453	WS
on	142	455	WS
on	143	456	WS
on	144	457	WS
on	145	458	WS
on	146	460	WS
on	147	461	WS
on	148	463	WS
on	149	465	WS
on	150	473	WS
on	151	474	WS
on	152	475	WS
on	153	487	WS
on	154	489	WS
on	155	492	WS
on	156	493	WS
on	157	504	WS
on	158	507	WS
on	159	524	WS
on	160	529	WS
on	161	532	WS
on	162	535	WS
on	163	539	WS
on	164	541	WS
on	165	543	WS
on	166	545	WS
on	167	556	WS
on	168	557	WS
on	169	562	WS
on	170	564	WS
on	171	570	WS
on	172	574	WS
on	173	579	WS
on	174	581	WS
on	175	582	WS
on	176	585	WS
on	177	588	WS
on	178	591	WS
on	179	592	WS
on	180	593	WS
on	181	594	WS
on	182	595	WS
on	183	596	WS
on	184	597	WS
on	185	599	WS
on	186	600	WS
on	187	601	WS
on	188	602	WS
on	189	603	WS
on	190	607	WS
on	191	608	WS
on	192	609	WS
on	193	610	WS
on	194	611	WS
on	195	612	WS
on	196	617	WS
on	197	618	WS
on	198	619	WS
on	199	622	WS
on	200	623	WS
on	201	624	WS
on	202	627	WS
on	203	628	WS
on	204	629	WS
on	205	630	WS
on	206	631	WS
on	207	632	WS
on	208	633	WS
on	209	634	WS
on	210	635	WS
on	211	636	WS
on	212	637	WS
on	213	638	WS
on	214	639	WS
on	215	640	WS
on	216	641	WS
on	217	642	WS
on	218	643	WS
on	219	644	WS
on	220	645	WS
on	221	646	WS
on	222	647	WS
on	223	648	WS
on	224	649	WS
on	225	650	WS
on	226	651	WS
on	227	652	WS
on	228	653	WS
on	229	654	WS
on	230	655	WS
on	231	656	WS
on	232	657	WS
on	233	658	WS
on	234	659	WS
on	235	660	WS
on	236	661	WS
on	237	662	WS
on	238	663	WS
on	239	664	WS
on	240	665	WS
on	241	666	WS
on	242	667	WS
on	243	668	WS
on	244	669	WS
on	245	670	WS
on	246	671	WS
on	247	672	WS
on	248	673	WS
on	249	674	WS
on	250	675	WS
on	251	676	WS
on	252	677	WS
on	253	678	WS
on	254	679	WS
on	255	680	WS
on	256	681	WS
on	257	682	WS
on	258	683	WS
on	259	687	WS
on	260	690	WS
on	261	694	WS
on	262	695	WS
on	263	696	WS
on	264	720	WS
on	265	724	WS
on	266	725	WS
on	267	726	WS
